{"cameraMode":{"drawMode":0,"name":"Shaded","section":"Shading Mode"},"sceneLighting":true,"audioPlay":false,"sceneViewState":{"m_AlwaysRefresh":false,"showFog":true,"showSkybox":true,"showFlares":true,"showImageEffects":true,"showParticleSystems":true,"showVisualEffectGraphs":true,"m_FxEnabled":false},"in2DMode":false,"pivot":{"x":-1.2387802600860596,"y":1.8957898616790772,"z":-14.651686668395996},"rotation":{"x":-0.14936895668506623,"y":0.15445752441883088,"z":-0.023640258237719537,"w":-0.9763699769973755},"size":2.0886058807373049,"orthographic":false}