{"cameraMode":{"drawMode":0,"name":"Shaded","section":"Shading Mode"},"sceneLighting":true,"audioPlay":false,"sceneViewState":{"m_AlwaysRefresh":false,"showFog":true,"showSkybox":true,"showFlares":true,"showImageEffects":true,"showParticleSystems":true,"showVisualEffectGraphs":true,"m_FxEnabled":false},"in2DMode":false,"pivot":{"x":-1.6391277313232423e-7,"y":0.2657361626625061,"z":-0.014620333909988404},"rotation":{"x":-0.0022066212259233,"y":-0.6801028847694397,"z":0.0020456661004573108,"w":-0.7331148982048035},"size":0.40017369389533999,"orthographic":false}